{
    "Back-projection (avg across 4 real samples)": {
        "Dice (resistive)": 0.05689326108938891,
        "Dice (conductive)": 0.09669392088144857,
        "IoU (resistive)": 0.02968939945337442,
        "IoU (conductive)": 0.0547344643701472,
        "KTC score": 0.003423999999999999
    },
    "Mock baseline (avg across 4 real samples)": {
        "Dice (resistive)": 0.0,
        "Dice (conductive)": 0.0,
        "IoU (resistive)": 0.0,
        "IoU (conductive)": 0.0,
        "KTC score": 0.0
    },
    "Gauss-Newton (avg across 4 real samples)": {
        "Dice (resistive)": 0.06571019253737043,
        "Dice (conductive)": 0.06129939153716129,
        "IoU (resistive)": 0.03444971075019386,
        "IoU (conductive)": 0.032089186597909575,
        "KTC score": -0.012176999999999999
    }
}