{
  "mock_baseline": {
    "1": {
      "ktc_score": 0.0,
      "dice_resistive": 0.0,
      "dice_conductive": 0.0,
      "iou_resistive": 0.0,
      "iou_conductive": 0.0,
      "hd95_resistive": 0.0,
      "hd95_conductive": 0.0
    },
    "2": {
      "ktc_score": 0.0,
      "dice_resistive": 0.0,
      "dice_conductive": 0.0,
      "iou_resistive": 0.0,
      "iou_conductive": 0.0,
      "hd95_resistive": 0.0,
      "hd95_conductive": 0.0
    },
    "3": {
      "ktc_score": 0.0,
      "dice_resistive": 0.0,
      "dice_conductive": 0.0,
      "iou_resistive": 0.0,
      "iou_conductive": 0.0,
      "hd95_resistive": 0.0,
      "hd95_conductive": 0.0
    },
    "4": {
      "ktc_score": 0.0,
      "dice_resistive": 0.0,
      "dice_conductive": 0.0,
      "iou_resistive": 0.0,
      "iou_conductive": 0.0,
      "hd95_resistive": 0.0,
      "hd95_conductive": 0.0
    }
  },
  "back_projection": {
    "1": {
      "ktc_score": -0.019915,
      "dice_resistive": 0.10805937023165488,
      "dice_conductive": 0.03166666666666667,
      "iou_resistive": 0.05711562431263289,
      "iou_conductive": 0.016088060965283656,
      "hd95_resistive": 130.3186467198452,
      "hd95_conductive": 122.14786120442946
    },
    "2": {
      "ktc_score": -0.059665,
      "dice_resistive": 0.050721591705198264,
      "dice_conductive": 0.06775018261504748,
      "iou_resistive": 0.026020701552616446,
      "iou_conductive": 0.035062848502031944,
      "hd95_resistive": 117.15374513859982,
      "hd95_conductive": 98.03060746521976
    },
    "3": {
      "ktc_score": 0.087472,
      "dice_resistive": 0.0,
      "dice_conductive": 0.28735883424408015,
      "iou_resistive": 0.0,
      "iou_conductive": 0.1677869480132732,
      "hd95_resistive": 0.0,
      "hd95_conductive": 68.24954212300622
    },
    "4": {
      "ktc_score": 0.005804,
      "dice_resistive": 0.06879208242070252,
      "dice_conductive": 0.0,
      "iou_resistive": 0.035621271948248344,
      "iou_conductive": 0.0,
      "hd95_resistive": 85.28774824088158,
      "hd95_conductive": 0.0
    }
  },
  "gauss_newton": {
    "1": {
      "ktc_score": 0.0,
      "dice_resistive": 0.0,
      "dice_conductive": 0.0,
      "iou_resistive": 0.0,
      "iou_conductive": 0.0,
      "hd95_resistive": 0.0,
      "hd95_conductive": 0.0
    },
    "2": {
      "ktc_score": 0.0,
      "dice_resistive": 0.0,
      "dice_conductive": 0.0,
      "iou_resistive": 0.0,
      "iou_conductive": 0.0,
      "hd95_resistive": 0.0,
      "hd95_conductive": 0.0
    },
    "3": {
      "ktc_score": 0.0,
      "dice_resistive": 0.0,
      "dice_conductive": 0.0,
      "iou_resistive": 0.0,
      "iou_conductive": 0.0,
      "hd95_resistive": 0.0,
      "hd95_conductive": 0.0
    },
    "4": {
      "ktc_score": 0.0,
      "dice_resistive": 0.0,
      "dice_conductive": 0.0,
      "iou_resistive": 0.0,
      "iou_conductive": 0.0,
      "hd95_resistive": 0.0,
      "hd95_conductive": 0.0
    }
  }
}