{
  "mock_baseline": {
    "1": {
      "ktc_score": 0.0,
      "dice_resistive": 0.0,
      "dice_conductive": 0.0,
      "iou_resistive": 0.0,
      "iou_conductive": 0.0,
      "hd95_resistive": 0.0,
      "hd95_conductive": 0.0
    },
    "2": {
      "ktc_score": 0.0,
      "dice_resistive": 0.0,
      "dice_conductive": 0.0,
      "iou_resistive": 0.0,
      "iou_conductive": 0.0,
      "hd95_resistive": 0.0,
      "hd95_conductive": 0.0
    },
    "3": {
      "ktc_score": 0.0,
      "dice_resistive": 0.0,
      "dice_conductive": 0.0,
      "iou_resistive": 0.0,
      "iou_conductive": 0.0,
      "hd95_resistive": 0.0,
      "hd95_conductive": 0.0
    },
    "4": {
      "ktc_score": 0.0,
      "dice_resistive": 0.0,
      "dice_conductive": 0.0,
      "iou_resistive": 0.0,
      "iou_conductive": 0.0,
      "hd95_resistive": 0.0,
      "hd95_conductive": 0.0
    }
  },
  "back_projection": {
    "1": {
      "ktc_score": -0.019915,
      "dice_resistive": 0.10805937023165488,
      "dice_conductive": 0.03166666666666667,
      "iou_resistive": 0.05711562431263289,
      "iou_conductive": 0.016088060965283656,
      "hd95_resistive": 130.3186467198452,
      "hd95_conductive": 122.14786120442946
    },
    "2": {
      "ktc_score": -0.059665,
      "dice_resistive": 0.050721591705198264,
      "dice_conductive": 0.06775018261504748,
      "iou_resistive": 0.026020701552616446,
      "iou_conductive": 0.035062848502031944,
      "hd95_resistive": 117.15374513859982,
      "hd95_conductive": 98.03060746521976
    },
    "3": {
      "ktc_score": 0.087472,
      "dice_resistive": 0.0,
      "dice_conductive": 0.28735883424408015,
      "iou_resistive": 0.0,
      "iou_conductive": 0.1677869480132732,
      "hd95_resistive": 0.0,
      "hd95_conductive": 68.24954212300622
    },
    "4": {
      "ktc_score": 0.005804,
      "dice_resistive": 0.06879208242070252,
      "dice_conductive": 0.0,
      "iou_resistive": 0.035621271948248344,
      "iou_conductive": 0.0,
      "hd95_resistive": 85.28774824088158,
      "hd95_conductive": 0.0
    }
  },
  "gauss_newton": {
    "1": {
      "ktc_score": -0.008523,
      "dice_resistive": 0.10220954407000919,
      "dice_conductive": 0.07417638633108246,
      "iou_resistive": 0.053857128299194944,
      "iou_conductive": 0.038516708282420445,
      "hd95_resistive": 146.45340550227715,
      "hd95_conductive": 152.95751043999115
    },
    "2": {
      "ktc_score": -0.040728,
      "dice_resistive": 0.10405635171241195,
      "dice_conductive": 0.053082099596231495,
      "iou_resistive": 0.05488367326022343,
      "iou_conductive": 0.02726468311027541,
      "hd95_resistive": 132.30646242719968,
      "hd95_conductive": 171.7367169696107
    },
    "3": {
      "ktc_score": 0.001207,
      "dice_resistive": 0.0,
      "dice_conductive": 0.11329654261591435,
      "iou_resistive": 0.0,
      "iou_conductive": 0.06005,
      "hd95_resistive": 0.0,
      "hd95_conductive": 123.9395013706284
    },
    "4": {
      "ktc_score": 0.000403,
      "dice_resistive": 0.06045098352790661,
      "dice_conductive": 0.0,
      "iou_resistive": 0.03116754617414248,
      "iou_conductive": 0.0,
      "hd95_resistive": 121.69634341261039,
      "hd95_conductive": 0.0
    }
  }
}